X,Y,is_aves,is_daytime,filename
14.932518,9.135448,1,1,/silenus/PROJECTS/pr-orchampvision/mielev/biolingual/ARM1_20220504_111500.wav
14.934888,9.13794,1,1,/silenus/PROJECTS/pr-orchampvision/mielev/biolingual/ARM1_20220504_111500.wav
14.945763,9.148702,1,1,/silenus/PROJECTS/pr-orchampvision/mielev/biolingual/ARM1_20220504_111500.wav
14.947132,9.150022,0,1,/silenus/PROJECTS/pr-orchampvision/mielev/biolingual/ARM1_20220504_111500.wav
14.9474745,9.150319,0,1,/silenus/PROJECTS/pr-orchampvision/mielev/biolingual/ARM1_20220504_111500.wav
14.947199,9.150072,1,1,/silenus/PROJECTS/pr-orchampvision/mielev/biolingual/ARM1_20220504_111500.wav
10.304411,3.2133458,0,0,/silenus/PROJECTS/pr-orchampvision/mielev/biolingual/ARM1_20220505_033000.wav
10.350746,3.2662172,0,0,/silenus/PROJECTS/pr-orchampvision/mielev/biolingual/ARM1_20220505_033000.wav
10.361135,3.306969,0,0,/silenus/PROJECTS/pr-orchampvision/mielev/biolingual/ARM1_20220505_033000.wav
10.36841,3.216212,1,0,/silenus/PROJECTS/pr-orchampvision/mielev/biolingual/ARM1_20220505_033000.wav
10.362533,3.4518032,0,0,/silenus/PROJECTS/pr-orchampvision/mielev/biolingual/ARM1_20220505_033000.wav
10.347881,3.3474026,0,0,/silenus/PROJECTS/pr-orchampvision/mielev/biolingual/ARM1_20220505_033000.wav
9.949194,3.4211624,0,1,/silenus/PROJECTS/pr-orchampvision/mielev/biolingual/ARM1_20220504_201500.wav
9.91475,3.4693983,0,1,/silenus/PROJECTS/pr-orchampvision/mielev/biolingual/ARM1_20220504_201500.wav
9.869439,3.6145656,0,1,/silenus/PROJECTS/pr-orchampvision/mielev/biolingual/ARM1_20220504_201500.wav
9.930036,3.5037136,0,1,/silenus/PROJECTS/pr-orchampvision/mielev/biolingual/ARM1_20220504_201500.wav
9.899225,3.4447508,0,1,/silenus/PROJECTS/pr-orchampvision/mielev/biolingual/ARM1_20220504_201500.wav
9.851982,3.5511699,0,1,/silenus/PROJECTS/pr-orchampvision/mielev/biolingual/ARM1_20220504_201500.wav
7.0883913,4.552233,1,0,/silenus/PROJECTS/pr-orchampvision/mielev/biolingual/ARM1_20220505_034500.wav
7.126691,4.4883294,1,0,/silenus/PROJECTS/pr-orchampvision/mielev/biolingual/ARM1_20220505_034500.wav
7.1627984,4.499296,1,0,/silenus/PROJECTS/pr-orchampvision/mielev/biolingual/ARM1_20220505_034500.wav
7.0955777,4.47125,0,0,/silenus/PROJECTS/pr-orchampvision/mielev/biolingual/ARM1_20220505_034500.wav
7.114329,4.4737797,0,0,/silenus/PROJECTS/pr-orchampvision/mielev/biolingual/ARM1_20220505_034500.wav
7.1434813,4.450314,1,0,/silenus/PROJECTS/pr-orchampvision/mielev/biolingual/ARM1_20220505_034500.wav
10.318843,5.2617984,1,1,/silenus/PROJECTS/pr-orchampvision/mielev/biolingual/ARM1_20220505_133000.wav
10.372956,5.449978,1,1,/silenus/PROJECTS/pr-orchampvision/mielev/biolingual/ARM1_20220505_133000.wav
10.36484,5.1931844,0,1,/silenus/PROJECTS/pr-orchampvision/mielev/biolingual/ARM1_20220505_133000.wav
9.27568,2.827557,1,1,/silenus/PROJECTS/pr-orchampvision/mielev/biolingual/ARM1_20220505_133000.wav
9.541483,6.6381125,1,1,/silenus/PROJECTS/pr-orchampvision/mielev/biolingual/ARM1_20220505_133000.wav
9.582699,6.620807,1,1,/silenus/PROJECTS/pr-orchampvision/mielev/biolingual/ARM1_20220505_133000.wav
8.675983,2.7250905,0,1,/silenus/PROJECTS/pr-orchampvision/mielev/biolingual/ARM1_20220504_190000.wav
8.681578,2.7257667,0,1,/silenus/PROJECTS/pr-orchampvision/mielev/biolingual/ARM1_20220504_190000.wav
8.606403,2.694935,0,1,/silenus/PROJECTS/pr-orchampvision/mielev/biolingual/ARM1_20220504_190000.wav
8.577696,2.703405,0,1,/silenus/PROJECTS/pr-orchampvision/mielev/biolingual/ARM1_20220504_190000.wav
8.645176,2.7062254,0,1,/silenus/PROJECTS/pr-orchampvision/mielev/biolingual/ARM1_20220504_190000.wav
8.636155,2.6885183,0,1,/silenus/PROJECTS/pr-orchampvision/mielev/biolingual/ARM1_20220504_190000.wav
9.812909,4.4237113,0,1,/silenus/PROJECTS/pr-orchampvision/mielev/biolingual/ARM1_20220504_191500.wav
9.915542,4.3857822,0,1,/silenus/PROJECTS/pr-orchampvision/mielev/biolingual/ARM1_20220504_191500.wav
9.881672,4.4662566,0,1,/silenus/PROJECTS/pr-orchampvision/mielev/biolingual/ARM1_20220504_191500.wav
9.9838705,4.4914174,0,1,/silenus/PROJECTS/pr-orchampvision/mielev/biolingual/ARM1_20220504_191500.wav
10.188424,4.726963,0,1,/silenus/PROJECTS/pr-orchampvision/mielev/biolingual/ARM1_20220504_191500.wav
10.097561,4.574063,0,1,/silenus/PROJECTS/pr-orchampvision/mielev/biolingual/ARM1_20220504_191500.wav
10.195241,5.846313,1,1,/silenus/PROJECTS/pr-orchampvision/mielev/biolingual/ARM1_20220505_071500.wav
9.676267,6.465452,1,1,/silenus/PROJECTS/pr-orchampvision/mielev/biolingual/ARM1_20220505_071500.wav
10.527204,4.977727,1,1,/silenus/PROJECTS/pr-orchampvision/mielev/biolingual/ARM1_20220505_071500.wav
10.442058,5.0000386,0,1,/silenus/PROJECTS/pr-orchampvision/mielev/biolingual/ARM1_20220505_071500.wav
10.449749,5.5456057,0,1,/silenus/PROJECTS/pr-orchampvision/mielev/biolingual/ARM1_20220505_071500.wav
10.43363,5.596003,1,1,/silenus/PROJECTS/pr-orchampvision/mielev/biolingual/ARM1_20220505_071500.wav
9.112928,6.963992,1,1,/silenus/PROJECTS/pr-orchampvision/mielev/biolingual/ARM1_20220505_124500.wav
8.946085,6.114936,1,1,/silenus/PROJECTS/pr-orchampvision/mielev/biolingual/ARM1_20220505_124500.wav
8.898739,6.149043,1,1,/silenus/PROJECTS/pr-orchampvision/mielev/biolingual/ARM1_20220505_124500.wav
9.1859865,6.9101048,1,1,/silenus/PROJECTS/pr-orchampvision/mielev/biolingual/ARM1_20220505_124500.wav
9.16714,6.909244,1,1,/silenus/PROJECTS/pr-orchampvision/mielev/biolingual/ARM1_20220505_124500.wav
9.214343,6.941173,1,1,/silenus/PROJECTS/pr-orchampvision/mielev/biolingual/ARM1_20220505_124500.wav
9.318039,3.8938494,0,1,/silenus/PROJECTS/pr-orchampvision/mielev/biolingual/ARM1_20220508_194500.wav
9.345179,3.8986917,0,1,/silenus/PROJECTS/pr-orchampvision/mielev/biolingual/ARM1_20220508_194500.wav
9.373039,3.8401265,0,1,/silenus/PROJECTS/pr-orchampvision/mielev/biolingual/ARM1_20220508_194500.wav
9.459612,4.094368,0,1,/silenus/PROJECTS/pr-orchampvision/mielev/biolingual/ARM1_20220508_194500.wav
9.542449,4.1934853,0,1,/silenus/PROJECTS/pr-orchampvision/mielev/biolingual/ARM1_20220508_194500.wav
9.565656,4.2600117,0,1,/silenus/PROJECTS/pr-orchampvision/mielev/biolingual/ARM1_20220508_194500.wav
6.9786334,4.384942,1,1,/silenus/PROJECTS/pr-orchampvision/mielev/biolingual/ARM1_20220505_141500.wav
6.988415,4.388903,1,1,/silenus/PROJECTS/pr-orchampvision/mielev/biolingual/ARM1_20220505_141500.wav
6.979922,4.3912964,0,1,/silenus/PROJECTS/pr-orchampvision/mielev/biolingual/ARM1_20220505_141500.wav
6.993113,4.366538,1,1,/silenus/PROJECTS/pr-orchampvision/mielev/biolingual/ARM1_20220505_141500.wav
7.002601,4.41113,1,1,/silenus/PROJECTS/pr-orchampvision/mielev/biolingual/ARM1_20220505_141500.wav
6.9941654,4.3777323,1,1,/silenus/PROJECTS/pr-orchampvision/mielev/biolingual/ARM1_20220505_141500.wav
5.564943,4.3213024,1,1,/silenus/PROJECTS/pr-orchampvision/mielev/biolingual/ARM1_20220504_183000.wav
5.655018,4.2792773,1,1,/silenus/PROJECTS/pr-orchampvision/mielev/biolingual/ARM1_20220504_183000.wav
5.710742,4.3107333,1,1,/silenus/PROJECTS/pr-orchampvision/mielev/biolingual/ARM1_20220504_183000.wav
7.186947,4.4122596,1,1,/silenus/PROJECTS/pr-orchampvision/mielev/biolingual/ARM1_20220505_104500.wav
7.3368597,4.4704294,1,1,/silenus/PROJECTS/pr-orchampvision/mielev/biolingual/ARM1_20220505_104500.wav
7.154881,4.428519,1,1,/silenus/PROJECTS/pr-orchampvision/mielev/biolingual/ARM1_20220505_104500.wav
9.853389,5.5809855,1,1,/silenus/PROJECTS/pr-orchampvision/mielev/biolingual/ARM1_20220505_104500.wav
10.383185,3.3745875,0,0,/silenus/PROJECTS/pr-orchampvision/mielev/biolingual/ARM1_20220505_021500.wav
10.409258,3.4028862,0,0,/silenus/PROJECTS/pr-orchampvision/mielev/biolingual/ARM1_20220505_021500.wav
10.240187,3.5239847,0,0,/silenus/PROJECTS/pr-orchampvision/mielev/biolingual/ARM1_20220505_021500.wav
10.373104,3.4472485,0,0,/silenus/PROJECTS/pr-orchampvision/mielev/biolingual/ARM1_20220505_021500.wav
10.349263,3.340319,0,0,/silenus/PROJECTS/pr-orchampvision/mielev/biolingual/ARM1_20220505_021500.wav
10.474595,3.3853245,0,0,/silenus/PROJECTS/pr-orchampvision/mielev/biolingual/ARM1_20220505_021500.wav
10.436793,2.904498,1,1,/silenus/PROJECTS/pr-orchampvision/mielev/biolingual/ARM1_20220507_200000.wav
10.435329,2.886235,0,1,/silenus/PROJECTS/pr-orchampvision/mielev/biolingual/ARM1_20220507_200000.wav
10.438118,2.8395846,0,1,/silenus/PROJECTS/pr-orchampvision/mielev/biolingual/ARM1_20220507_200000.wav
10.453714,2.9385102,1,1,/silenus/PROJECTS/pr-orchampvision/mielev/biolingual/ARM1_20220507_200000.wav
10.427288,2.8478107,0,1,/silenus/PROJECTS/pr-orchampvision/mielev/biolingual/ARM1_20220507_200000.wav
10.350565,2.8765235,0,1,/silenus/PROJECTS/pr-orchampvision/mielev/biolingual/ARM1_20220507_200000.wav
9.805941,6.3199472,1,1,/silenus/PROJECTS/pr-orchampvision/mielev/biolingual/ARM1_20220504_150000.wav
9.789755,6.3365855,1,1,/silenus/PROJECTS/pr-orchampvision/mielev/biolingual/ARM1_20220504_150000.wav
9.825474,6.29643,1,1,/silenus/PROJECTS/pr-orchampvision/mielev/biolingual/ARM1_20220504_150000.wav
9.787883,6.291796,1,1,/silenus/PROJECTS/pr-orchampvision/mielev/biolingual/ARM1_20220504_150000.wav
9.922676,6.1132255,1,1,/silenus/PROJECTS/pr-orchampvision/mielev/biolingual/ARM1_20220504_150000.wav
10.539527,3.8257022,0,1,/silenus/PROJECTS/pr-orchampvision/mielev/biolingual/ARM1_20220504_150000.wav
10.374961,5.27835,1,1,/silenus/PROJECTS/pr-orchampvision/mielev/biolingual/ARM1_20220505_094500.wav
10.411223,5.2138743,1,1,/silenus/PROJECTS/pr-orchampvision/mielev/biolingual/ARM1_20220505_094500.wav
10.372639,5.189879,0,1,/silenus/PROJECTS/pr-orchampvision/mielev/biolingual/ARM1_20220505_094500.wav
10.370668,5.1816363,1,1,/silenus/PROJECTS/pr-orchampvision/mielev/biolingual/ARM1_20220505_094500.wav
10.368963,5.1597586,0,1,/silenus/PROJECTS/pr-orchampvision/mielev/biolingual/ARM1_20220505_094500.wav
10.324783,5.147778,1,1,/silenus/PROJECTS/pr-orchampvision/mielev/biolingual/ARM1_20220505_094500.wav
9.924737,4.667478,0,1,/silenus/PROJECTS/pr-orchampvision/mielev/biolingual/ARM1_20220507_151500.wav
9.924725,4.649754,0,1,/silenus/PROJECTS/pr-orchampvision/mielev/biolingual/ARM1_20220507_151500.wav
9.974986,4.644956,0,1,/silenus/PROJECTS/pr-orchampvision/mielev/biolingual/ARM1_20220507_151500.wav
9.923834,4.514901,1,1,/silenus/PROJECTS/pr-orchampvision/mielev/biolingual/ARM1_20220507_151500.wav
9.75509,4.487424,1,1,/silenus/PROJECTS/pr-orchampvision/mielev/biolingual/ARM1_20220507_151500.wav
9.93098,4.522172,1,1,/silenus/PROJECTS/pr-orchampvision/mielev/biolingual/ARM1_20220507_151500.wav
8.994434,6.3607087,0,0,/silenus/PROJECTS/pr-orchampvision/mielev/biolingual/ARM1_20220505_044500.wav
9.069445,6.327395,1,0,/silenus/PROJECTS/pr-orchampvision/mielev/biolingual/ARM1_20220505_044500.wav
9.083921,6.2748227,1,0,/silenus/PROJECTS/pr-orchampvision/mielev/biolingual/ARM1_20220505_044500.wav
8.870555,6.457648,0,0,/silenus/PROJECTS/pr-orchampvision/mielev/biolingual/ARM1_20220505_044500.wav
9.05737,6.2864513,1,0,/silenus/PROJECTS/pr-orchampvision/mielev/biolingual/ARM1_20220505_044500.wav
9.100359,6.3265204,1,0,/silenus/PROJECTS/pr-orchampvision/mielev/biolingual/ARM1_20220505_044500.wav
8.524146,5.411172,1,1,/silenus/PROJECTS/pr-orchampvision/mielev/biolingual/ARM1_20220505_110000.wav
8.555352,5.386608,1,1,/silenus/PROJECTS/pr-orchampvision/mielev/biolingual/ARM1_20220505_110000.wav
8.845845,6.3038025,1,1,/silenus/PROJECTS/pr-orchampvision/mielev/biolingual/ARM1_20220505_110000.wav
8.826141,6.3446875,1,1,/silenus/PROJECTS/pr-orchampvision/mielev/biolingual/ARM1_20220505_110000.wav
8.526785,5.396463,1,1,/silenus/PROJECTS/pr-orchampvision/mielev/biolingual/ARM1_20220505_110000.wav
8.5991,5.38151,1,1,/silenus/PROJECTS/pr-orchampvision/mielev/biolingual/ARM1_20220505_110000.wav
10.567738,3.6263678,0,0,/silenus/PROJECTS/pr-orchampvision/mielev/biolingual/ARM1_20220505_023000.wav
10.444123,3.5990198,0,0,/silenus/PROJECTS/pr-orchampvision/mielev/biolingual/ARM1_20220505_023000.wav
10.267847,3.4396808,0,0,/silenus/PROJECTS/pr-orchampvision/mielev/biolingual/ARM1_20220505_023000.wav
10.457841,3.5509987,0,0,/silenus/PROJECTS/pr-orchampvision/mielev/biolingual/ARM1_20220505_023000.wav
10.506897,3.4373205,0,0,/silenus/PROJECTS/pr-orchampvision/mielev/biolingual/ARM1_20220505_023000.wav
9.975193,3.4921203,0,0,/silenus/PROJECTS/pr-orchampvision/mielev/biolingual/ARM1_20220505_023000.wav
9.244169,6.0591846,1,0,/silenus/PROJECTS/pr-orchampvision/mielev/biolingual/ARM1_20220505_050000.wav
9.248501,5.9605484,1,0,/silenus/PROJECTS/pr-orchampvision/mielev/biolingual/ARM1_20220505_050000.wav
9.240867,5.997447,1,0,/silenus/PROJECTS/pr-orchampvision/mielev/biolingual/ARM1_20220505_050000.wav
9.17483,5.9544053,1,0,/silenus/PROJECTS/pr-orchampvision/mielev/biolingual/ARM1_20220505_050000.wav
9.1745615,5.9622965,1,0,/silenus/PROJECTS/pr-orchampvision/mielev/biolingual/ARM1_20220505_050000.wav
9.203615,5.946316,1,0,/silenus/PROJECTS/pr-orchampvision/mielev/biolingual/ARM1_20220505_050000.wav
9.368363,2.84622,0,0,/silenus/PROJECTS/pr-orchampvision/mielev/biolingual/ARM1_20220505_003000.wav
9.260599,2.7920644,0,0,/silenus/PROJECTS/pr-orchampvision/mielev/biolingual/ARM1_20220505_003000.wav
9.266747,2.8077343,0,0,/silenus/PROJECTS/pr-orchampvision/mielev/biolingual/ARM1_20220505_003000.wav
9.297282,2.8151906,0,0,/silenus/PROJECTS/pr-orchampvision/mielev/biolingual/ARM1_20220505_003000.wav
9.306169,2.8322976,0,0,/silenus/PROJECTS/pr-orchampvision/mielev/biolingual/ARM1_20220505_003000.wav
9.272961,2.810426,0,0,/silenus/PROJECTS/pr-orchampvision/mielev/biolingual/ARM1_20220505_003000.wav
6.0767317,4.0979414,1,1,/silenus/PROJECTS/pr-orchampvision/mielev/biolingual/ARM1_20220505_164500.wav
6.1467247,4.0273886,1,1,/silenus/PROJECTS/pr-orchampvision/mielev/biolingual/ARM1_20220505_164500.wav
6.164731,4.0310035,1,1,/silenus/PROJECTS/pr-orchampvision/mielev/biolingual/ARM1_20220505_164500.wav
10.258597,3.9227567,0,1,/silenus/PROJECTS/pr-orchampvision/mielev/biolingual/ARM1_20220504_110000.wav
10.400642,3.8914855,0,1,/silenus/PROJECTS/pr-orchampvision/mielev/biolingual/ARM1_20220504_110000.wav
10.233176,3.9371367,0,1,/silenus/PROJECTS/pr-orchampvision/mielev/biolingual/ARM1_20220504_110000.wav
6.621987,4.7746572,0,1,/silenus/PROJECTS/pr-orchampvision/mielev/biolingual/ARM1_20220504_110000.wav
6.5399685,4.813447,1,1,/silenus/PROJECTS/pr-orchampvision/mielev/biolingual/ARM1_20220504_110000.wav
6.5036297,4.8024716,1,1,/silenus/PROJECTS/pr-orchampvision/mielev/biolingual/ARM1_20220504_110000.wav
8.358017,2.663055,0,1,/silenus/PROJECTS/pr-orchampvision/mielev/biolingual/ARM1_20220504_153000.wav
7.9735312,2.535487,0,1,/silenus/PROJECTS/pr-orchampvision/mielev/biolingual/ARM1_20220504_153000.wav
7.8735547,2.5757537,0,1,/silenus/PROJECTS/pr-orchampvision/mielev/biolingual/ARM1_20220504_153000.wav
7.7620044,2.5503669,1,1,/silenus/PROJECTS/pr-orchampvision/mielev/biolingual/ARM1_20220504_153000.wav
7.7839975,2.561494,1,1,/silenus/PROJECTS/pr-orchampvision/mielev/biolingual/ARM1_20220504_153000.wav
7.656835,2.5092132,0,1,/silenus/PROJECTS/pr-orchampvision/mielev/biolingual/ARM1_20220504_153000.wav
9.272446,2.794067,0,0,/silenus/PROJECTS/pr-orchampvision/mielev/biolingual/ARM1_20220505_004500.wav
9.256297,2.7991788,0,0,/silenus/PROJECTS/pr-orchampvision/mielev/biolingual/ARM1_20220505_004500.wav
9.319311,2.8423831,0,0,/silenus/PROJECTS/pr-orchampvision/mielev/biolingual/ARM1_20220505_004500.wav
9.287758,2.8097522,0,0,/silenus/PROJECTS/pr-orchampvision/mielev/biolingual/ARM1_20220505_004500.wav
9.305514,2.8103547,0,0,/silenus/PROJECTS/pr-orchampvision/mielev/biolingual/ARM1_20220505_004500.wav
9.723498,3.0442238,0,0,/silenus/PROJECTS/pr-orchampvision/mielev/biolingual/ARM1_20220505_004500.wav
9.104671,6.896362,1,1,/silenus/PROJECTS/pr-orchampvision/mielev/biolingual/ARM1_20220505_111500.wav
9.105407,6.9308863,1,1,/silenus/PROJECTS/pr-orchampvision/mielev/biolingual/ARM1_20220505_111500.wav
8.98653,5.753764,1,1,/silenus/PROJECTS/pr-orchampvision/mielev/biolingual/ARM1_20220505_111500.wav
9.12241,6.936107,1,1,/silenus/PROJECTS/pr-orchampvision/mielev/biolingual/ARM1_20220505_111500.wav
9.103517,6.9874506,1,1,/silenus/PROJECTS/pr-orchampvision/mielev/biolingual/ARM1_20220505_111500.wav
9.133348,6.9671726,1,1,/silenus/PROJECTS/pr-orchampvision/mielev/biolingual/ARM1_20220505_111500.wav
10.477527,4.9768353,0,1,/silenus/PROJECTS/pr-orchampvision/mielev/biolingual/ARM1_20220505_060000.wav
7.2806745,4.5787363,1,1,/silenus/PROJECTS/pr-orchampvision/mielev/biolingual/ARM1_20220505_060000.wav
10.200206,5.851354,1,1,/silenus/PROJECTS/pr-orchampvision/mielev/biolingual/ARM1_20220505_060000.wav
10.503652,4.0068946,0,1,/silenus/PROJECTS/pr-orchampvision/mielev/biolingual/ARM1_20220505_060000.wav
10.601844,4.8691115,0,1,/silenus/PROJECTS/pr-orchampvision/mielev/biolingual/ARM1_20220505_060000.wav
10.350384,5.6826544,0,1,/silenus/PROJECTS/pr-orchampvision/mielev/biolingual/ARM1_20220505_060000.wav
9.698304,4.2948003,0,1,/silenus/PROJECTS/pr-orchampvision/mielev/biolingual/ARM1_20220508_180000.wav
9.7153015,4.2725015,0,1,/silenus/PROJECTS/pr-orchampvision/mielev/biolingual/ARM1_20220508_180000.wav
9.713638,4.2690434,1,1,/silenus/PROJECTS/pr-orchampvision/mielev/biolingual/ARM1_20220508_180000.wav
9.752092,4.343483,0,1,/silenus/PROJECTS/pr-orchampvision/mielev/biolingual/ARM1_20220508_180000.wav
9.703954,4.363377,1,1,/silenus/PROJECTS/pr-orchampvision/mielev/biolingual/ARM1_20220508_180000.wav
9.808452,6.2027626,1,1,/silenus/PROJECTS/pr-orchampvision/mielev/biolingual/ARM1_20220508_180000.wav
8.625891,4.943606,0,1,/silenus/PROJECTS/pr-orchampvision/mielev/biolingual/ARM1_20220505_190000.wav
8.624715,4.9659224,0,1,/silenus/PROJECTS/pr-orchampvision/mielev/biolingual/ARM1_20220505_190000.wav
8.624206,4.954261,0,1,/silenus/PROJECTS/pr-orchampvision/mielev/biolingual/ARM1_20220505_190000.wav
8.599266,4.9386168,0,1,/silenus/PROJECTS/pr-orchampvision/mielev/biolingual/ARM1_20220505_190000.wav
8.6204405,4.9582577,0,1,/silenus/PROJECTS/pr-orchampvision/mielev/biolingual/ARM1_20220505_190000.wav
8.619871,4.946846,0,1,/silenus/PROJECTS/pr-orchampvision/mielev/biolingual/ARM1_20220505_190000.wav
10.432838,2.916756,0,1,/silenus/PROJECTS/pr-orchampvision/mielev/biolingual/ARM1_20220507_194500.wav
10.443562,2.8913286,0,1,/silenus/PROJECTS/pr-orchampvision/mielev/biolingual/ARM1_20220507_194500.wav
10.444636,2.849563,1,1,/silenus/PROJECTS/pr-orchampvision/mielev/biolingual/ARM1_20220507_194500.wav
10.436771,2.874516,1,1,/silenus/PROJECTS/pr-orchampvision/mielev/biolingual/ARM1_20220507_194500.wav
10.442176,2.8338745,0,1,/silenus/PROJECTS/pr-orchampvision/mielev/biolingual/ARM1_20220507_194500.wav
10.450231,2.8236308,0,1,/silenus/PROJECTS/pr-orchampvision/mielev/biolingual/ARM1_20220507_194500.wav
9.822819,5.9085546,1,1,/silenus/PROJECTS/pr-orchampvision/mielev/biolingual/ARM1_20220505_064500.wav
9.91454,5.9527736,1,1,/silenus/PROJECTS/pr-orchampvision/mielev/biolingual/ARM1_20220505_064500.wav
9.878894,6.066172,1,1,/silenus/PROJECTS/pr-orchampvision/mielev/biolingual/ARM1_20220505_064500.wav
9.748297,6.2117815,1,1,/silenus/PROJECTS/pr-orchampvision/mielev/biolingual/ARM1_20220505_064500.wav
9.918772,6.0732536,1,1,/silenus/PROJECTS/pr-orchampvision/mielev/biolingual/ARM1_20220505_064500.wav
10.026416,5.9373097,1,1,/silenus/PROJECTS/pr-orchampvision/mielev/biolingual/ARM1_20220505_064500.wav
8.807852,6.5445623,1,1,/silenus/PROJECTS/pr-orchampvision/mielev/biolingual/ARM1_20220505_070000.wav
8.82315,6.542932,1,1,/silenus/PROJECTS/pr-orchampvision/mielev/biolingual/ARM1_20220505_070000.wav
8.848668,6.5582414,1,1,/silenus/PROJECTS/pr-orchampvision/mielev/biolingual/ARM1_20220505_070000.wav
8.818275,6.561236,1,1,/silenus/PROJECTS/pr-orchampvision/mielev/biolingual/ARM1_20220505_070000.wav
8.822349,6.552224,1,1,/silenus/PROJECTS/pr-orchampvision/mielev/biolingual/ARM1_20220505_070000.wav
9.563878,6.5745635,1,1,/silenus/PROJECTS/pr-orchampvision/mielev/biolingual/ARM1_20220505_070000.wav
10.443331,5.549272,1,1,/silenus/PROJECTS/pr-orchampvision/mielev/biolingual/ARM1_20220505_100000.wav
10.5352335,5.1692777,1,1,/silenus/PROJECTS/pr-orchampvision/mielev/biolingual/ARM1_20220505_100000.wav
10.5136175,5.440806,0,1,/silenus/PROJECTS/pr-orchampvision/mielev/biolingual/ARM1_20220505_100000.wav
10.467688,5.451005,1,1,/silenus/PROJECTS/pr-orchampvision/mielev/biolingual/ARM1_20220505_100000.wav
10.506414,3.7055998,0,1,/silenus/PROJECTS/pr-orchampvision/mielev/biolingual/ARM1_20220505_100000.wav
10.505745,5.0728364,0,1,/silenus/PROJECTS/pr-orchampvision/mielev/biolingual/ARM1_20220505_100000.wav
9.346927,2.844113,0,0,/silenus/PROJECTS/pr-orchampvision/mielev/biolingual/ARM1_20220505_010000.wav
9.356269,2.8599877,0,0,/silenus/PROJECTS/pr-orchampvision/mielev/biolingual/ARM1_20220505_010000.wav
9.355611,2.8464863,0,0,/silenus/PROJECTS/pr-orchampvision/mielev/biolingual/ARM1_20220505_010000.wav
9.849612,3.0504048,0,0,/silenus/PROJECTS/pr-orchampvision/mielev/biolingual/ARM1_20220505_010000.wav
9.356594,2.8449411,0,0,/silenus/PROJECTS/pr-orchampvision/mielev/biolingual/ARM1_20220505_010000.wav
9.401502,2.9159117,0,0,/silenus/PROJECTS/pr-orchampvision/mielev/biolingual/ARM1_20220505_010000.wav
8.9805565,5.944466,1,1,/silenus/PROJECTS/pr-orchampvision/mielev/biolingual/ARM1_20220505_123000.wav
8.773618,5.389037,1,1,/silenus/PROJECTS/pr-orchampvision/mielev/biolingual/ARM1_20220505_123000.wav
8.926885,5.517326,1,1,/silenus/PROJECTS/pr-orchampvision/mielev/biolingual/ARM1_20220505_123000.wav
8.979788,5.4774747,1,1,/silenus/PROJECTS/pr-orchampvision/mielev/biolingual/ARM1_20220505_123000.wav
9.458346,5.2427726,0,1,/silenus/PROJECTS/pr-orchampvision/mielev/biolingual/ARM1_20220505_123000.wav
9.707373,5.648414,1,1,/silenus/PROJECTS/pr-orchampvision/mielev/biolingual/ARM1_20220505_123000.wav
9.313326,4.2422895,0,1,/silenus/PROJECTS/pr-orchampvision/mielev/biolingual/ARM1_20220507_160000.wav
9.262781,4.297415,1,1,/silenus/PROJECTS/pr-orchampvision/mielev/biolingual/ARM1_20220507_160000.wav
9.268973,4.2756486,1,1,/silenus/PROJECTS/pr-orchampvision/mielev/biolingual/ARM1_20220507_160000.wav
9.272688,4.279354,1,1,/silenus/PROJECTS/pr-orchampvision/mielev/biolingual/ARM1_20220507_160000.wav
9.291424,4.2760944,1,1,/silenus/PROJECTS/pr-orchampvision/mielev/biolingual/ARM1_20220507_160000.wav
9.300322,4.3002696,1,1,/silenus/PROJECTS/pr-orchampvision/mielev/biolingual/ARM1_20220507_160000.wav
5.521319,4.239558,1,1,/silenus/PROJECTS/pr-orchampvision/mielev/biolingual/ARM1_20220504_173000.wav
5.780558,4.24492,1,1,/silenus/PROJECTS/pr-orchampvision/mielev/biolingual/ARM1_20220504_173000.wav
5.6575003,4.268282,1,1,/silenus/PROJECTS/pr-orchampvision/mielev/biolingual/ARM1_20220504_173000.wav
5.7207785,4.276623,1,1,/silenus/PROJECTS/pr-orchampvision/mielev/biolingual/ARM1_20220504_173000.wav
5.677349,4.2688417,1,1,/silenus/PROJECTS/pr-orchampvision/mielev/biolingual/ARM1_20220504_173000.wav
6.4377055,4.7813907,1,1,/silenus/PROJECTS/pr-orchampvision/mielev/biolingual/ARM1_20220508_191500.wav
6.456409,4.7907863,0,1,/silenus/PROJECTS/pr-orchampvision/mielev/biolingual/ARM1_20220508_191500.wav
6.4801035,4.7988157,1,1,/silenus/PROJECTS/pr-orchampvision/mielev/biolingual/ARM1_20220508_191500.wav
7.1729846,4.468352,0,1,/silenus/PROJECTS/pr-orchampvision/mielev/biolingual/ARM1_20220505_063000.wav
9.868213,6.1402645,1,1,/silenus/PROJECTS/pr-orchampvision/mielev/biolingual/ARM1_20220505_063000.wav
9.856811,5.85591,1,1,/silenus/PROJECTS/pr-orchampvision/mielev/biolingual/ARM1_20220505_063000.wav
9.857891,6.075686,1,1,/silenus/PROJECTS/pr-orchampvision/mielev/biolingual/ARM1_20220505_063000.wav
9.874544,6.0834947,1,1,/silenus/PROJECTS/pr-orchampvision/mielev/biolingual/ARM1_20220505_063000.wav
9.884939,5.5035715,1,1,/silenus/PROJECTS/pr-orchampvision/mielev/biolingual/ARM1_20220505_063000.wav
9.958703,5.016872,0,1,/silenus/PROJECTS/pr-orchampvision/mielev/biolingual/ARM1_20220505_083000.wav
9.9769945,4.9291077,0,1,/silenus/PROJECTS/pr-orchampvision/mielev/biolingual/ARM1_20220505_083000.wav
9.978248,5.04267,1,1,/silenus/PROJECTS/pr-orchampvision/mielev/biolingual/ARM1_20220505_083000.wav
9.9969,4.960147,0,1,/silenus/PROJECTS/pr-orchampvision/mielev/biolingual/ARM1_20220505_083000.wav
10.086313,5.0140986,0,1,/silenus/PROJECTS/pr-orchampvision/mielev/biolingual/ARM1_20220505_083000.wav
7.266559,4.460705,0,1,/silenus/PROJECTS/pr-orchampvision/mielev/biolingual/ARM1_20220505_083000.wav
8.604247,5.3828125,0,1,/silenus/PROJECTS/pr-orchampvision/mielev/biolingual/ARM1_20220505_114500.wav
8.540239,5.402771,0,1,/silenus/PROJECTS/pr-orchampvision/mielev/biolingual/ARM1_20220505_114500.wav
8.623161,5.3569775,0,1,/silenus/PROJECTS/pr-orchampvision/mielev/biolingual/ARM1_20220505_114500.wav
8.568061,5.390641,1,1,/silenus/PROJECTS/pr-orchampvision/mielev/biolingual/ARM1_20220505_114500.wav
8.634388,5.3516417,1,1,/silenus/PROJECTS/pr-orchampvision/mielev/biolingual/ARM1_20220505_114500.wav
8.555979,5.3849597,0,1,/silenus/PROJECTS/pr-orchampvision/mielev/biolingual/ARM1_20220505_114500.wav
10.542943,5.0692844,0,1,/silenus/PROJECTS/pr-orchampvision/mielev/biolingual/ARM1_20220505_081500.wav
10.508561,5.215894,1,1,/silenus/PROJECTS/pr-orchampvision/mielev/biolingual/ARM1_20220505_081500.wav
10.507605,5.13567,0,1,/silenus/PROJECTS/pr-orchampvision/mielev/biolingual/ARM1_20220505_081500.wav
10.560746,5.027883,1,1,/silenus/PROJECTS/pr-orchampvision/mielev/biolingual/ARM1_20220505_081500.wav
10.616715,4.92871,1,1,/silenus/PROJECTS/pr-orchampvision/mielev/biolingual/ARM1_20220505_081500.wav
10.49333,5.1544394,1,1,/silenus/PROJECTS/pr-orchampvision/mielev/biolingual/ARM1_20220505_081500.wav
9.120182,6.954428,1,1,/silenus/PROJECTS/pr-orchampvision/mielev/biolingual/ARM1_20220505_113000.wav
9.146268,6.895139,1,1,/silenus/PROJECTS/pr-orchampvision/mielev/biolingual/ARM1_20220505_113000.wav
9.198068,6.9199414,1,1,/silenus/PROJECTS/pr-orchampvision/mielev/biolingual/ARM1_20220505_113000.wav
9.536102,6.6386576,1,1,/silenus/PROJECTS/pr-orchampvision/mielev/biolingual/ARM1_20220505_113000.wav
7.2521677,4.9679604,1,1,/silenus/PROJECTS/pr-orchampvision/mielev/biolingual/ARM1_20220505_120000.wav
7.2581954,4.9617643,1,1,/silenus/PROJECTS/pr-orchampvision/mielev/biolingual/ARM1_20220505_120000.wav
7.040038,4.858382,1,1,/silenus/PROJECTS/pr-orchampvision/mielev/biolingual/ARM1_20220505_120000.wav
7.068037,4.894896,1,1,/silenus/PROJECTS/pr-orchampvision/mielev/biolingual/ARM1_20220505_120000.wav
7.016232,4.866866,1,1,/silenus/PROJECTS/pr-orchampvision/mielev/biolingual/ARM1_20220505_120000.wav
7.0598235,4.877659,1,1,/silenus/PROJECTS/pr-orchampvision/mielev/biolingual/ARM1_20220505_120000.wav
10.45092,3.3846962,0,0,/silenus/PROJECTS/pr-orchampvision/mielev/biolingual/ARM1_20220505_030000.wav
10.443085,3.2777362,0,0,/silenus/PROJECTS/pr-orchampvision/mielev/biolingual/ARM1_20220505_030000.wav
10.477398,3.5017846,0,0,/silenus/PROJECTS/pr-orchampvision/mielev/biolingual/ARM1_20220505_030000.wav
10.480485,3.437061,0,0,/silenus/PROJECTS/pr-orchampvision/mielev/biolingual/ARM1_20220505_030000.wav
10.502907,3.4064004,0,0,/silenus/PROJECTS/pr-orchampvision/mielev/biolingual/ARM1_20220505_030000.wav
10.4811325,3.2943459,1,0,/silenus/PROJECTS/pr-orchampvision/mielev/biolingual/ARM1_20220505_030000.wav
9.904479,6.0557475,1,0,/silenus/PROJECTS/pr-orchampvision/mielev/biolingual/ARM1_20220505_051500.wav
9.889438,6.00731,1,0,/silenus/PROJECTS/pr-orchampvision/mielev/biolingual/ARM1_20220505_051500.wav
9.936441,5.1870294,0,0,/silenus/PROJECTS/pr-orchampvision/mielev/biolingual/ARM1_20220505_051500.wav
10.103876,5.885509,1,0,/silenus/PROJECTS/pr-orchampvision/mielev/biolingual/ARM1_20220505_051500.wav
10.174739,5.914907,1,0,/silenus/PROJECTS/pr-orchampvision/mielev/biolingual/ARM1_20220505_051500.wav
10.105888,5.854327,1,0,/silenus/PROJECTS/pr-orchampvision/mielev/biolingual/ARM1_20220505_051500.wav
9.595981,6.4518795,1,0,/silenus/PROJECTS/pr-orchampvision/mielev/biolingual/ARM1_20220505_041500.wav
9.553525,6.5108023,1,0,/silenus/PROJECTS/pr-orchampvision/mielev/biolingual/ARM1_20220505_041500.wav
9.610111,6.532414,1,0,/silenus/PROJECTS/pr-orchampvision/mielev/biolingual/ARM1_20220505_041500.wav
9.628134,6.4316764,1,0,/silenus/PROJECTS/pr-orchampvision/mielev/biolingual/ARM1_20220505_041500.wav
9.617288,6.4902735,1,0,/silenus/PROJECTS/pr-orchampvision/mielev/biolingual/ARM1_20220505_041500.wav
9.554678,6.508251,1,0,/silenus/PROJECTS/pr-orchampvision/mielev/biolingual/ARM1_20220505_041500.wav
9.727612,5.0870566,1,1,/silenus/PROJECTS/pr-orchampvision/mielev/biolingual/ARM1_20220505_121500.wav
9.56331,5.0366673,0,1,/silenus/PROJECTS/pr-orchampvision/mielev/biolingual/ARM1_20220505_121500.wav
9.469974,5.309915,1,1,/silenus/PROJECTS/pr-orchampvision/mielev/biolingual/ARM1_20220505_121500.wav
9.210973,5.071358,1,1,/silenus/PROJECTS/pr-orchampvision/mielev/biolingual/ARM1_20220505_121500.wav
9.128678,5.5638843,1,1,/silenus/PROJECTS/pr-orchampvision/mielev/biolingual/ARM1_20220505_121500.wav
9.154333,5.7053323,1,1,/silenus/PROJECTS/pr-orchampvision/mielev/biolingual/ARM1_20220505_121500.wav
9.018093,5.066687,0,1,/silenus/PROJECTS/pr-orchampvision/mielev/biolingual/ARM1_20220505_130000.wav
9.134215,5.084903,0,1,/silenus/PROJECTS/pr-orchampvision/mielev/biolingual/ARM1_20220505_130000.wav
9.107788,5.0303516,0,1,/silenus/PROJECTS/pr-orchampvision/mielev/biolingual/ARM1_20220505_130000.wav
9.233716,5.0389585,0,1,/silenus/PROJECTS/pr-orchampvision/mielev/biolingual/ARM1_20220505_130000.wav
9.277859,5.062924,0,1,/silenus/PROJECTS/pr-orchampvision/mielev/biolingual/ARM1_20220505_130000.wav
9.254109,5.055572,0,1,/silenus/PROJECTS/pr-orchampvision/mielev/biolingual/ARM1_20220505_130000.wav
9.999246,4.1137457,0,0,/silenus/PROJECTS/pr-orchampvision/mielev/biolingual/ARM1_20220505_011500.wav
9.270476,2.7830071,0,0,/silenus/PROJECTS/pr-orchampvision/mielev/biolingual/ARM1_20220505_011500.wav
9.786169,3.0351746,0,0,/silenus/PROJECTS/pr-orchampvision/mielev/biolingual/ARM1_20220505_011500.wav
9.533464,2.9138787,0,0,/silenus/PROJECTS/pr-orchampvision/mielev/biolingual/ARM1_20220505_011500.wav
9.850768,3.036707,1,0,/silenus/PROJECTS/pr-orchampvision/mielev/biolingual/ARM1_20220505_011500.wav
9.371791,2.8206007,0,0,/silenus/PROJECTS/pr-orchampvision/mielev/biolingual/ARM1_20220505_011500.wav
9.114929,2.8274937,1,1,/silenus/PROJECTS/pr-orchampvision/mielev/biolingual/ARM1_20220505_150000.wav
6.991167,4.8613143,1,1,/silenus/PROJECTS/pr-orchampvision/mielev/biolingual/ARM1_20220505_150000.wav
6.989551,4.8407803,1,1,/silenus/PROJECTS/pr-orchampvision/mielev/biolingual/ARM1_20220505_150000.wav
9.120997,2.8248618,1,1,/silenus/PROJECTS/pr-orchampvision/mielev/biolingual/ARM1_20220505_150000.wav
9.139208,2.8687036,1,1,/silenus/PROJECTS/pr-orchampvision/mielev/biolingual/ARM1_20220505_150000.wav
6.913416,4.801756,1,1,/silenus/PROJECTS/pr-orchampvision/mielev/biolingual/ARM1_20220505_150000.wav
9.820577,5.4673724,1,0,/silenus/PROJECTS/pr-orchampvision/mielev/biolingual/ARM1_20220505_054500.wav
9.811634,5.493293,1,0,/silenus/PROJECTS/pr-orchampvision/mielev/biolingual/ARM1_20220505_054500.wav
10.05705,5.0083146,1,0,/silenus/PROJECTS/pr-orchampvision/mielev/biolingual/ARM1_20220505_054500.wav
9.942153,5.643299,1,0,/silenus/PROJECTS/pr-orchampvision/mielev/biolingual/ARM1_20220505_054500.wav
9.996316,5.885162,0,0,/silenus/PROJECTS/pr-orchampvision/mielev/biolingual/ARM1_20220505_054500.wav
10.262316,5.8263083,1,0,/silenus/PROJECTS/pr-orchampvision/mielev/biolingual/ARM1_20220505_054500.wav
9.34856,3.8550587,0,0,/silenus/PROJECTS/pr-orchampvision/mielev/biolingual/ARM1_20220508_020000.wav
9.380489,3.85274,0,0,/silenus/PROJECTS/pr-orchampvision/mielev/biolingual/ARM1_20220508_020000.wav
9.324913,3.872522,0,0,/silenus/PROJECTS/pr-orchampvision/mielev/biolingual/ARM1_20220508_020000.wav
9.392283,3.7885842,0,0,/silenus/PROJECTS/pr-orchampvision/mielev/biolingual/ARM1_20220508_020000.wav
9.340811,3.8311515,0,0,/silenus/PROJECTS/pr-orchampvision/mielev/biolingual/ARM1_20220508_020000.wav
9.352838,3.8323147,0,0,/silenus/PROJECTS/pr-orchampvision/mielev/biolingual/ARM1_20220508_020000.wav
10.054265,5.1134243,0,1,/silenus/PROJECTS/pr-orchampvision/mielev/biolingual/ARM1_20220505_084500.wav
10.041397,5.12494,0,1,/silenus/PROJECTS/pr-orchampvision/mielev/biolingual/ARM1_20220505_084500.wav
10.156573,5.052377,0,1,/silenus/PROJECTS/pr-orchampvision/mielev/biolingual/ARM1_20220505_084500.wav
10.136955,5.068566,0,1,/silenus/PROJECTS/pr-orchampvision/mielev/biolingual/ARM1_20220505_084500.wav
10.137588,5.0995407,0,1,/silenus/PROJECTS/pr-orchampvision/mielev/biolingual/ARM1_20220505_084500.wav
10.156317,5.0669594,1,1,/silenus/PROJECTS/pr-orchampvision/mielev/biolingual/ARM1_20220505_084500.wav
9.661947,6.519235,1,1,/silenus/PROJECTS/pr-orchampvision/mielev/biolingual/ARM1_20220505_143000.wav
9.676981,6.59817,1,1,/silenus/PROJECTS/pr-orchampvision/mielev/biolingual/ARM1_20220505_143000.wav
7.0944695,4.4266534,1,1,/silenus/PROJECTS/pr-orchampvision/mielev/biolingual/ARM1_20220505_143000.wav
7.094454,4.3916593,1,1,/silenus/PROJECTS/pr-orchampvision/mielev/biolingual/ARM1_20220505_143000.wav
7.0902023,4.405162,1,1,/silenus/PROJECTS/pr-orchampvision/mielev/biolingual/ARM1_20220505_143000.wav
7.0480914,4.3854113,1,1,/silenus/PROJECTS/pr-orchampvision/mielev/biolingual/ARM1_20220505_143000.wav
7.142668,4.8580594,1,1,/silenus/PROJECTS/pr-orchampvision/mielev/biolingual/ARM1_20220505_144500.wav
6.9421544,4.7773023,0,1,/silenus/PROJECTS/pr-orchampvision/mielev/biolingual/ARM1_20220505_144500.wav
7.077983,4.906215,1,1,/silenus/PROJECTS/pr-orchampvision/mielev/biolingual/ARM1_20220505_144500.wav
8.904705,5.0184436,0,1,/silenus/PROJECTS/pr-orchampvision/mielev/biolingual/ARM1_20220505_144500.wav
6.7285423,4.146514,1,1,/silenus/PROJECTS/pr-orchampvision/mielev/biolingual/ARM1_20220505_144500.wav
8.975807,4.933809,0,1,/silenus/PROJECTS/pr-orchampvision/mielev/biolingual/ARM1_20220505_144500.wav
6.9254045,4.757629,1,1,/silenus/PROJECTS/pr-orchampvision/mielev/biolingual/ARM1_20220504_113000.wav
6.7670593,4.7608814,1,1,/silenus/PROJECTS/pr-orchampvision/mielev/biolingual/ARM1_20220504_113000.wav
6.870124,4.758237,1,1,/silenus/PROJECTS/pr-orchampvision/mielev/biolingual/ARM1_20220504_113000.wav
6.8839917,4.761387,1,1,/silenus/PROJECTS/pr-orchampvision/mielev/biolingual/ARM1_20220504_113000.wav
6.807497,4.6496973,1,1,/silenus/PROJECTS/pr-orchampvision/mielev/biolingual/ARM1_20220504_113000.wav
6.839317,4.7514896,1,1,/silenus/PROJECTS/pr-orchampvision/mielev/biolingual/ARM1_20220504_113000.wav
8.873631,2.7373765,0,1,/silenus/PROJECTS/pr-orchampvision/mielev/biolingual/ARM1_20220507_201500.wav
8.91648,2.7404714,0,1,/silenus/PROJECTS/pr-orchampvision/mielev/biolingual/ARM1_20220507_201500.wav
8.878372,2.727811,0,1,/silenus/PROJECTS/pr-orchampvision/mielev/biolingual/ARM1_20220507_201500.wav
8.921035,2.7448244,0,1,/silenus/PROJECTS/pr-orchampvision/mielev/biolingual/ARM1_20220507_201500.wav
8.943499,2.743777,0,1,/silenus/PROJECTS/pr-orchampvision/mielev/biolingual/ARM1_20220507_201500.wav
8.839858,2.6934237,0,1,/silenus/PROJECTS/pr-orchampvision/mielev/biolingual/ARM1_20220507_201500.wav
10.271566,4.992553,1,1,/silenus/PROJECTS/pr-orchampvision/mielev/biolingual/ARM1_20220505_103000.wav
10.247324,4.9855366,0,1,/silenus/PROJECTS/pr-orchampvision/mielev/biolingual/ARM1_20220505_103000.wav
10.281073,4.990571,0,1,/silenus/PROJECTS/pr-orchampvision/mielev/biolingual/ARM1_20220505_103000.wav
10.0302305,5.0821505,0,1,/silenus/PROJECTS/pr-orchampvision/mielev/biolingual/ARM1_20220505_103000.wav
10.165609,5.0198917,1,1,/silenus/PROJECTS/pr-orchampvision/mielev/biolingual/ARM1_20220505_103000.wav
10.088308,5.046566,0,1,/silenus/PROJECTS/pr-orchampvision/mielev/biolingual/ARM1_20220505_103000.wav
7.991963,2.3643339,0,1,/silenus/PROJECTS/pr-orchampvision/mielev/biolingual/ARM1_20220509_143000.wav
8.0063095,2.3952718,0,1,/silenus/PROJECTS/pr-orchampvision/mielev/biolingual/ARM1_20220509_143000.wav
8.691561,4.9899163,0,1,/silenus/PROJECTS/pr-orchampvision/mielev/biolingual/ARM1_20220505_160000.wav
6.2415805,3.9623802,1,1,/silenus/PROJECTS/pr-orchampvision/mielev/biolingual/ARM1_20220505_160000.wav
8.866689,5.2481694,0,1,/silenus/PROJECTS/pr-orchampvision/mielev/biolingual/ARM1_20220505_160000.wav
6.2503867,3.9962246,1,1,/silenus/PROJECTS/pr-orchampvision/mielev/biolingual/ARM1_20220505_160000.wav
6.200467,3.96417,1,1,/silenus/PROJECTS/pr-orchampvision/mielev/biolingual/ARM1_20220505_160000.wav
6.20897,3.9570024,1,1,/silenus/PROJECTS/pr-orchampvision/mielev/biolingual/ARM1_20220505_160000.wav
9.654768,6.5325904,1,1,/silenus/PROJECTS/pr-orchampvision/mielev/biolingual/ARM1_20220505_131500.wav
9.606937,6.5041776,1,1,/silenus/PROJECTS/pr-orchampvision/mielev/biolingual/ARM1_20220505_131500.wav
9.634828,6.5536857,1,1,/silenus/PROJECTS/pr-orchampvision/mielev/biolingual/ARM1_20220505_131500.wav
9.720454,6.566344,1,1,/silenus/PROJECTS/pr-orchampvision/mielev/biolingual/ARM1_20220505_131500.wav
9.714281,6.456027,1,1,/silenus/PROJECTS/pr-orchampvision/mielev/biolingual/ARM1_20220505_131500.wav
9.586503,6.6476364,1,1,/silenus/PROJECTS/pr-orchampvision/mielev/biolingual/ARM1_20220505_131500.wav
10.238954,5.868669,1,1,/silenus/PROJECTS/pr-orchampvision/mielev/biolingual/ARM1_20220505_073000.wav
10.410537,5.5742774,1,1,/silenus/PROJECTS/pr-orchampvision/mielev/biolingual/ARM1_20220505_073000.wav
10.195291,5.883203,1,1,/silenus/PROJECTS/pr-orchampvision/mielev/biolingual/ARM1_20220505_073000.wav
10.339571,5.70582,1,1,/silenus/PROJECTS/pr-orchampvision/mielev/biolingual/ARM1_20220505_073000.wav
10.4681225,5.506511,1,1,/silenus/PROJECTS/pr-orchampvision/mielev/biolingual/ARM1_20220505_073000.wav
10.365237,5.657328,1,1,/silenus/PROJECTS/pr-orchampvision/mielev/biolingual/ARM1_20220505_073000.wav
9.680949,6.6102686,1,1,/silenus/PROJECTS/pr-orchampvision/mielev/biolingual/ARM1_20220505_091500.wav
9.626036,6.472287,1,1,/silenus/PROJECTS/pr-orchampvision/mielev/biolingual/ARM1_20220505_091500.wav
9.59512,6.5616684,1,1,/silenus/PROJECTS/pr-orchampvision/mielev/biolingual/ARM1_20220505_091500.wav
9.702833,6.565889,1,1,/silenus/PROJECTS/pr-orchampvision/mielev/biolingual/ARM1_20220505_091500.wav
9.837643,6.2658153,1,1,/silenus/PROJECTS/pr-orchampvision/mielev/biolingual/ARM1_20220505_091500.wav
9.889075,6.2451415,1,1,/silenus/PROJECTS/pr-orchampvision/mielev/biolingual/ARM1_20220505_091500.wav
9.977456,4.997875,0,1,/silenus/PROJECTS/pr-orchampvision/mielev/biolingual/ARM1_20220505_093000.wav
9.91357,5.3052506,1,1,/silenus/PROJECTS/pr-orchampvision/mielev/biolingual/ARM1_20220505_093000.wav
9.816592,5.4076576,0,1,/silenus/PROJECTS/pr-orchampvision/mielev/biolingual/ARM1_20220505_093000.wav
9.725393,5.4481087,0,1,/silenus/PROJECTS/pr-orchampvision/mielev/biolingual/ARM1_20220505_093000.wav
9.787251,6.269645,1,1,/silenus/PROJECTS/pr-orchampvision/mielev/biolingual/ARM1_20220505_093000.wav
9.812247,5.569558,1,1,/silenus/PROJECTS/pr-orchampvision/mielev/biolingual/ARM1_20220505_093000.wav
10.591789,4.9890757,1,1,/silenus/PROJECTS/pr-orchampvision/mielev/biolingual/ARM1_20220505_074500.wav
10.534368,5.2725077,1,1,/silenus/PROJECTS/pr-orchampvision/mielev/biolingual/ARM1_20220505_074500.wav
10.61946,4.923457,1,1,/silenus/PROJECTS/pr-orchampvision/mielev/biolingual/ARM1_20220505_074500.wav
10.334855,5.658424,1,1,/silenus/PROJECTS/pr-orchampvision/mielev/biolingual/ARM1_20220505_074500.wav
10.435611,5.5605745,1,1,/silenus/PROJECTS/pr-orchampvision/mielev/biolingual/ARM1_20220505_074500.wav
10.57248,5.0454364,1,1,/silenus/PROJECTS/pr-orchampvision/mielev/biolingual/ARM1_20220505_074500.wav
9.275759,3.855031,1,1,/silenus/PROJECTS/pr-orchampvision/mielev/biolingual/ARM1_20220504_171500.wav
6.4754577,4.8330793,1,1,/silenus/PROJECTS/pr-orchampvision/mielev/biolingual/ARM1_20220507_171500.wav
6.517725,4.7948403,1,1,/silenus/PROJECTS/pr-orchampvision/mielev/biolingual/ARM1_20220507_171500.wav
6.6387544,4.793222,1,1,/silenus/PROJECTS/pr-orchampvision/mielev/biolingual/ARM1_20220507_171500.wav
6.5844727,4.782846,1,1,/silenus/PROJECTS/pr-orchampvision/mielev/biolingual/ARM1_20220507_171500.wav
9.976542,3.5719764,0,0,/silenus/PROJECTS/pr-orchampvision/mielev/biolingual/ARM1_20220505_000000.wav
10.035309,3.63487,0,0,/silenus/PROJECTS/pr-orchampvision/mielev/biolingual/ARM1_20220505_000000.wav
9.940258,3.633033,0,0,/silenus/PROJECTS/pr-orchampvision/mielev/biolingual/ARM1_20220505_000000.wav
10.087189,3.762084,0,0,/silenus/PROJECTS/pr-orchampvision/mielev/biolingual/ARM1_20220505_000000.wav
9.993082,3.714677,0,0,/silenus/PROJECTS/pr-orchampvision/mielev/biolingual/ARM1_20220505_000000.wav
10.113986,3.722749,0,0,/silenus/PROJECTS/pr-orchampvision/mielev/biolingual/ARM1_20220505_000000.wav
9.984428,3.637735,0,0,/silenus/PROJECTS/pr-orchampvision/mielev/biolingual/ARM1_20220505_001500.wav
9.86724,3.6036448,0,0,/silenus/PROJECTS/pr-orchampvision/mielev/biolingual/ARM1_20220505_001500.wav
9.929829,3.6252933,1,0,/silenus/PROJECTS/pr-orchampvision/mielev/biolingual/ARM1_20220505_001500.wav
9.937254,3.449644,0,0,/silenus/PROJECTS/pr-orchampvision/mielev/biolingual/ARM1_20220505_001500.wav
9.890374,3.5104477,0,0,/silenus/PROJECTS/pr-orchampvision/mielev/biolingual/ARM1_20220505_001500.wav
10.036602,3.5967278,0,0,/silenus/PROJECTS/pr-orchampvision/mielev/biolingual/ARM1_20220505_001500.wav
8.163016,2.3311286,0,1,/silenus/PROJECTS/pr-orchampvision/mielev/biolingual/ARM1_20220508_200000.wav
8.172665,2.3009567,0,1,/silenus/PROJECTS/pr-orchampvision/mielev/biolingual/ARM1_20220508_200000.wav
8.153936,2.3214166,0,1,/silenus/PROJECTS/pr-orchampvision/mielev/biolingual/ARM1_20220508_200000.wav
8.157896,2.3294213,0,1,/silenus/PROJECTS/pr-orchampvision/mielev/biolingual/ARM1_20220508_200000.wav
8.148128,2.3113673,0,1,/silenus/PROJECTS/pr-orchampvision/mielev/biolingual/ARM1_20220508_200000.wav
8.130432,2.309511,0,1,/silenus/PROJECTS/pr-orchampvision/mielev/biolingual/ARM1_20220508_200000.wav
10.316504,3.2942944,0,0,/silenus/PROJECTS/pr-orchampvision/mielev/biolingual/ARM1_20220505_031500.wav
9.761395,3.0248852,0,0,/silenus/PROJECTS/pr-orchampvision/mielev/biolingual/ARM1_20220505_031500.wav
9.580794,2.928092,0,0,/silenus/PROJECTS/pr-orchampvision/mielev/biolingual/ARM1_20220505_031500.wav
10.191723,2.9637992,1,0,/silenus/PROJECTS/pr-orchampvision/mielev/biolingual/ARM1_20220505_031500.wav
9.892462,3.0477805,0,0,/silenus/PROJECTS/pr-orchampvision/mielev/biolingual/ARM1_20220505_031500.wav
9.825696,3.0274622,0,0,/silenus/PROJECTS/pr-orchampvision/mielev/biolingual/ARM1_20220505_031500.wav
10.300201,3.3256636,0,1,/silenus/PROJECTS/pr-orchampvision/mielev/biolingual/ARM1_20220508_174500.wav
10.214395,3.2351298,1,1,/silenus/PROJECTS/pr-orchampvision/mielev/biolingual/ARM1_20220508_174500.wav
10.289464,3.3317513,1,1,/silenus/PROJECTS/pr-orchampvision/mielev/biolingual/ARM1_20220508_174500.wav
10.271237,3.297063,1,1,/silenus/PROJECTS/pr-orchampvision/mielev/biolingual/ARM1_20220508_174500.wav
10.624855,3.5641024,0,1,/silenus/PROJECTS/pr-orchampvision/mielev/biolingual/ARM1_20220508_174500.wav
10.518939,3.4954894,0,1,/silenus/PROJECTS/pr-orchampvision/mielev/biolingual/ARM1_20220508_174500.wav
8.955845,6.5089107,1,0,/silenus/PROJECTS/pr-orchampvision/mielev/biolingual/ARM1_20220505_043000.wav
8.893412,6.57324,1,0,/silenus/PROJECTS/pr-orchampvision/mielev/biolingual/ARM1_20220505_043000.wav
8.990673,6.5817757,1,0,/silenus/PROJECTS/pr-orchampvision/mielev/biolingual/ARM1_20220505_043000.wav
8.878574,6.562611,1,0,/silenus/PROJECTS/pr-orchampvision/mielev/biolingual/ARM1_20220505_043000.wav
8.992497,6.632733,1,0,/silenus/PROJECTS/pr-orchampvision/mielev/biolingual/ARM1_20220505_043000.wav
9.028899,6.663006,1,0,/silenus/PROJECTS/pr-orchampvision/mielev/biolingual/ARM1_20220505_043000.wav
7.9969473,2.8191602,0,1,/silenus/PROJECTS/pr-orchampvision/mielev/biolingual/ARM1_20220505_161500.wav
8.019239,2.8547983,0,1,/silenus/PROJECTS/pr-orchampvision/mielev/biolingual/ARM1_20220505_161500.wav
8.0409775,2.8460248,1,1,/silenus/PROJECTS/pr-orchampvision/mielev/biolingual/ARM1_20220505_161500.wav
7.943118,2.8138354,0,1,/silenus/PROJECTS/pr-orchampvision/mielev/biolingual/ARM1_20220505_161500.wav
7.935197,2.8008604,0,1,/silenus/PROJECTS/pr-orchampvision/mielev/biolingual/ARM1_20220505_161500.wav
7.9570017,2.8119879,0,1,/silenus/PROJECTS/pr-orchampvision/mielev/biolingual/ARM1_20220505_161500.wav
9.95085,6.1219373,1,0,/silenus/PROJECTS/pr-orchampvision/mielev/biolingual/ARM1_20220505_053000.wav
10.279382,5.7570434,1,0,/silenus/PROJECTS/pr-orchampvision/mielev/biolingual/ARM1_20220505_053000.wav
9.799225,6.1453323,1,0,/silenus/PROJECTS/pr-orchampvision/mielev/biolingual/ARM1_20220505_053000.wav
9.79295,5.484174,0,0,/silenus/PROJECTS/pr-orchampvision/mielev/biolingual/ARM1_20220505_053000.wav
9.525246,6.292461,1,0,/silenus/PROJECTS/pr-orchampvision/mielev/biolingual/ARM1_20220505_053000.wav
9.650483,6.185301,1,0,/silenus/PROJECTS/pr-orchampvision/mielev/biolingual/ARM1_20220505_053000.wav
10.070719,4.9984303,0,1,/silenus/PROJECTS/pr-orchampvision/mielev/biolingual/ARM1_20220505_101500.wav
10.060219,5.0496864,1,1,/silenus/PROJECTS/pr-orchampvision/mielev/biolingual/ARM1_20220505_101500.wav
10.032243,5.879857,1,1,/silenus/PROJECTS/pr-orchampvision/mielev/biolingual/ARM1_20220505_101500.wav
9.979254,5.40749,1,1,/silenus/PROJECTS/pr-orchampvision/mielev/biolingual/ARM1_20220505_101500.wav
9.9096575,6.175751,1,1,/silenus/PROJECTS/pr-orchampvision/mielev/biolingual/ARM1_20220505_101500.wav
10.008497,5.956158,1,1,/silenus/PROJECTS/pr-orchampvision/mielev/biolingual/ARM1_20220505_101500.wav
10.438013,3.58484,1,1,/silenus/PROJECTS/pr-orchampvision/mielev/biolingual/ARM1_20220504_193000.wav
10.459435,3.6018806,0,1,/silenus/PROJECTS/pr-orchampvision/mielev/biolingual/ARM1_20220504_193000.wav
9.980903,3.3980114,0,1,/silenus/PROJECTS/pr-orchampvision/mielev/biolingual/ARM1_20220504_193000.wav
10.397221,3.3749259,1,1,/silenus/PROJECTS/pr-orchampvision/mielev/biolingual/ARM1_20220504_193000.wav
10.3873625,3.5496464,0,1,/silenus/PROJECTS/pr-orchampvision/mielev/biolingual/ARM1_20220504_193000.wav
10.007497,3.569345,0,1,/silenus/PROJECTS/pr-orchampvision/mielev/biolingual/ARM1_20220504_193000.wav
9.893483,3.3187773,0,0,/silenus/PROJECTS/pr-orchampvision/mielev/biolingual/ARM1_20220505_020000.wav
9.969807,3.249634,0,0,/silenus/PROJECTS/pr-orchampvision/mielev/biolingual/ARM1_20220505_020000.wav
9.829047,3.2311091,0,0,/silenus/PROJECTS/pr-orchampvision/mielev/biolingual/ARM1_20220505_020000.wav
9.943289,3.404827,0,0,/silenus/PROJECTS/pr-orchampvision/mielev/biolingual/ARM1_20220505_020000.wav
9.833084,3.1792436,0,0,/silenus/PROJECTS/pr-orchampvision/mielev/biolingual/ARM1_20220505_020000.wav
10.146983,3.1785219,0,0,/silenus/PROJECTS/pr-orchampvision/mielev/biolingual/ARM1_20220505_020000.wav
14.947553,9.150436,1,1,/silenus/PROJECTS/pr-orchampvision/mielev/biolingual/ARM1_20220504_151500.wav
14.947346,9.150236,1,1,/silenus/PROJECTS/pr-orchampvision/mielev/biolingual/ARM1_20220504_151500.wav
14.947096,9.149904,0,1,/silenus/PROJECTS/pr-orchampvision/mielev/biolingual/ARM1_20220504_151500.wav
14.947438,9.150264,0,1,/silenus/PROJECTS/pr-orchampvision/mielev/biolingual/ARM1_20220504_151500.wav
14.946989,9.149807,0,1,/silenus/PROJECTS/pr-orchampvision/mielev/biolingual/ARM1_20220504_151500.wav
14.94571,9.148588,0,1,/silenus/PROJECTS/pr-orchampvision/mielev/biolingual/ARM1_20220504_151500.wav
9.635854,6.573599,1,1,/silenus/PROJECTS/pr-orchampvision/mielev/biolingual/ARM1_20220505_140000.wav
9.529422,6.590352,1,1,/silenus/PROJECTS/pr-orchampvision/mielev/biolingual/ARM1_20220505_140000.wav
9.570647,6.633461,1,1,/silenus/PROJECTS/pr-orchampvision/mielev/biolingual/ARM1_20220505_140000.wav
9.465752,6.592601,1,1,/silenus/PROJECTS/pr-orchampvision/mielev/biolingual/ARM1_20220505_140000.wav
9.467294,6.736039,1,1,/silenus/PROJECTS/pr-orchampvision/mielev/biolingual/ARM1_20220505_140000.wav
9.663681,6.5994935,1,1,/silenus/PROJECTS/pr-orchampvision/mielev/biolingual/ARM1_20220505_140000.wav
7.609616,2.5207734,0,1,/silenus/PROJECTS/pr-orchampvision/mielev/biolingual/ARM1_20220504_194500.wav
7.589242,2.4989958,0,1,/silenus/PROJECTS/pr-orchampvision/mielev/biolingual/ARM1_20220504_194500.wav
7.606879,2.5349984,0,1,/silenus/PROJECTS/pr-orchampvision/mielev/biolingual/ARM1_20220504_194500.wav
7.6159024,2.5392241,0,1,/silenus/PROJECTS/pr-orchampvision/mielev/biolingual/ARM1_20220504_194500.wav
7.6188374,2.5517263,0,1,/silenus/PROJECTS/pr-orchampvision/mielev/biolingual/ARM1_20220504_194500.wav
7.619565,2.5217454,0,1,/silenus/PROJECTS/pr-orchampvision/mielev/biolingual/ARM1_20220504_194500.wav
10.313992,3.106086,1,0,/silenus/PROJECTS/pr-orchampvision/mielev/biolingual/ARM1_20220505_024500.wav
10.377327,3.146598,0,0,/silenus/PROJECTS/pr-orchampvision/mielev/biolingual/ARM1_20220505_024500.wav
10.244241,3.2040198,1,0,/silenus/PROJECTS/pr-orchampvision/mielev/biolingual/ARM1_20220505_024500.wav
10.310353,3.066246,0,0,/silenus/PROJECTS/pr-orchampvision/mielev/biolingual/ARM1_20220505_024500.wav
10.454406,3.285401,0,0,/silenus/PROJECTS/pr-orchampvision/mielev/biolingual/ARM1_20220505_024500.wav
10.275675,3.1704786,0,0,/silenus/PROJECTS/pr-orchampvision/mielev/biolingual/ARM1_20220505_024500.wav
7.7472577,2.492199,0,1,/silenus/PROJECTS/pr-orchampvision/mielev/biolingual/ARM1_20220504_204500.wav
7.681495,2.5273144,0,1,/silenus/PROJECTS/pr-orchampvision/mielev/biolingual/ARM1_20220504_204500.wav
7.700647,2.5295527,0,1,/silenus/PROJECTS/pr-orchampvision/mielev/biolingual/ARM1_20220504_204500.wav
7.6439576,2.514045,0,1,/silenus/PROJECTS/pr-orchampvision/mielev/biolingual/ARM1_20220504_204500.wav
7.6929226,2.5493553,0,1,/silenus/PROJECTS/pr-orchampvision/mielev/biolingual/ARM1_20220504_204500.wav
7.665239,2.5281713,0,1,/silenus/PROJECTS/pr-orchampvision/mielev/biolingual/ARM1_20220504_204500.wav
6.197834,3.974111,1,1,/silenus/PROJECTS/pr-orchampvision/mielev/biolingual/ARM1_20220505_163000.wav
6.228191,3.9770715,1,1,/silenus/PROJECTS/pr-orchampvision/mielev/biolingual/ARM1_20220505_163000.wav
6.2192516,3.9802566,1,1,/silenus/PROJECTS/pr-orchampvision/mielev/biolingual/ARM1_20220505_163000.wav
6.212317,3.9728756,1,1,/silenus/PROJECTS/pr-orchampvision/mielev/biolingual/ARM1_20220505_163000.wav
6.217683,3.9885519,1,1,/silenus/PROJECTS/pr-orchampvision/mielev/biolingual/ARM1_20220505_163000.wav
6.2219715,3.990187,1,1,/silenus/PROJECTS/pr-orchampvision/mielev/biolingual/ARM1_20220505_163000.wav
9.45381,6.4059854,1,0,/silenus/PROJECTS/pr-orchampvision/mielev/biolingual/ARM1_20220505_040000.wav
9.504819,6.378641,1,0,/silenus/PROJECTS/pr-orchampvision/mielev/biolingual/ARM1_20220505_040000.wav
9.540491,6.363586,1,0,/silenus/PROJECTS/pr-orchampvision/mielev/biolingual/ARM1_20220505_040000.wav
9.566534,6.4398637,1,0,/silenus/PROJECTS/pr-orchampvision/mielev/biolingual/ARM1_20220505_040000.wav
9.533584,6.398052,1,0,/silenus/PROJECTS/pr-orchampvision/mielev/biolingual/ARM1_20220505_040000.wav
9.46804,6.357192,1,0,/silenus/PROJECTS/pr-orchampvision/mielev/biolingual/ARM1_20220505_040000.wav
9.726146,5.116366,0,1,/silenus/PROJECTS/pr-orchampvision/mielev/biolingual/ARM1_20220505_090000.wav
10.196494,5.069399,0,1,/silenus/PROJECTS/pr-orchampvision/mielev/biolingual/ARM1_20220505_090000.wav
9.849076,5.1485753,1,1,/silenus/PROJECTS/pr-orchampvision/mielev/biolingual/ARM1_20220505_090000.wav
9.674111,5.0256724,1,1,/silenus/PROJECTS/pr-orchampvision/mielev/biolingual/ARM1_20220505_090000.wav
10.26824,5.2272463,1,1,/silenus/PROJECTS/pr-orchampvision/mielev/biolingual/ARM1_20220505_090000.wav
10.423628,5.5526114,1,1,/silenus/PROJECTS/pr-orchampvision/mielev/biolingual/ARM1_20220505_090000.wav
9.023838,5.6841354,0,1,/silenus/PROJECTS/pr-orchampvision/mielev/biolingual/ARM1_20220505_134500.wav
9.030077,5.7752314,1,1,/silenus/PROJECTS/pr-orchampvision/mielev/biolingual/ARM1_20220505_134500.wav
9.057479,5.7842755,1,1,/silenus/PROJECTS/pr-orchampvision/mielev/biolingual/ARM1_20220505_134500.wav
9.148567,5.8339705,1,1,/silenus/PROJECTS/pr-orchampvision/mielev/biolingual/ARM1_20220505_134500.wav
9.0581,5.6937413,1,1,/silenus/PROJECTS/pr-orchampvision/mielev/biolingual/ARM1_20220505_134500.wav
9.032565,5.7649093,1,1,/silenus/PROJECTS/pr-orchampvision/mielev/biolingual/ARM1_20220505_134500.wav
9.958783,4.673906,0,1,/silenus/PROJECTS/pr-orchampvision/mielev/biolingual/ARM1_20220504_203000.wav
9.859237,4.5428934,0,1,/silenus/PROJECTS/pr-orchampvision/mielev/biolingual/ARM1_20220504_203000.wav
9.880683,4.57581,0,1,/silenus/PROJECTS/pr-orchampvision/mielev/biolingual/ARM1_20220504_203000.wav
9.844218,4.517435,0,1,/silenus/PROJECTS/pr-orchampvision/mielev/biolingual/ARM1_20220504_203000.wav
9.81017,4.5107594,0,1,/silenus/PROJECTS/pr-orchampvision/mielev/biolingual/ARM1_20220504_203000.wav
9.846063,4.495244,1,1,/silenus/PROJECTS/pr-orchampvision/mielev/biolingual/ARM1_20220504_203000.wav
10.694342,3.8361185,0,1,/silenus/PROJECTS/pr-orchampvision/mielev/biolingual/ARM1_20220508_173000.wav
10.733683,3.8135114,0,1,/silenus/PROJECTS/pr-orchampvision/mielev/biolingual/ARM1_20220508_173000.wav
10.728225,3.8138132,0,1,/silenus/PROJECTS/pr-orchampvision/mielev/biolingual/ARM1_20220508_173000.wav
10.717053,3.817736,0,1,/silenus/PROJECTS/pr-orchampvision/mielev/biolingual/ARM1_20220508_173000.wav
10.721727,3.790221,0,1,/silenus/PROJECTS/pr-orchampvision/mielev/biolingual/ARM1_20220508_173000.wav
10.767394,3.801297,0,1,/silenus/PROJECTS/pr-orchampvision/mielev/biolingual/ARM1_20220508_173000.wav
9.627619,4.5413947,0,1,/silenus/PROJECTS/pr-orchampvision/mielev/biolingual/ARM1_20220504_200000.wav
9.576617,4.4668527,0,1,/silenus/PROJECTS/pr-orchampvision/mielev/biolingual/ARM1_20220504_200000.wav
9.679877,4.5394654,0,1,/silenus/PROJECTS/pr-orchampvision/mielev/biolingual/ARM1_20220504_200000.wav
9.6032095,4.489769,0,1,/silenus/PROJECTS/pr-orchampvision/mielev/biolingual/ARM1_20220504_200000.wav
9.537145,4.454603,0,1,/silenus/PROJECTS/pr-orchampvision/mielev/biolingual/ARM1_20220504_200000.wav
9.594975,4.482281,0,1,/silenus/PROJECTS/pr-orchampvision/mielev/biolingual/ARM1_20220504_200000.wav
8.171641,2.3285985,0,0,/silenus/PROJECTS/pr-orchampvision/mielev/biolingual/ARM1_20220505_014500.wav
8.159697,2.360843,0,0,/silenus/PROJECTS/pr-orchampvision/mielev/biolingual/ARM1_20220505_014500.wav
8.170645,2.348111,0,0,/silenus/PROJECTS/pr-orchampvision/mielev/biolingual/ARM1_20220505_014500.wav
8.165149,2.3512704,0,0,/silenus/PROJECTS/pr-orchampvision/mielev/biolingual/ARM1_20220505_014500.wav
8.204497,2.3575854,0,0,/silenus/PROJECTS/pr-orchampvision/mielev/biolingual/ARM1_20220505_014500.wav
8.184342,2.3608425,0,0,/silenus/PROJECTS/pr-orchampvision/mielev/biolingual/ARM1_20220505_014500.wav
9.485539,4.3266835,0,1,/silenus/PROJECTS/pr-orchampvision/mielev/biolingual/ARM1_20220508_193000.wav
9.490638,4.340795,0,1,/silenus/PROJECTS/pr-orchampvision/mielev/biolingual/ARM1_20220508_193000.wav
9.475771,4.2870793,0,1,/silenus/PROJECTS/pr-orchampvision/mielev/biolingual/ARM1_20220508_193000.wav
9.465569,4.3901963,0,1,/silenus/PROJECTS/pr-orchampvision/mielev/biolingual/ARM1_20220508_193000.wav
9.505662,4.341383,0,1,/silenus/PROJECTS/pr-orchampvision/mielev/biolingual/ARM1_20220508_193000.wav
9.478503,4.2993317,0,1,/silenus/PROJECTS/pr-orchampvision/mielev/biolingual/ARM1_20220508_193000.wav
6.337068,4.005321,0,1,/silenus/PROJECTS/pr-orchampvision/mielev/biolingual/ARM1_20220505_153000.wav
6.286124,4.022285,1,1,/silenus/PROJECTS/pr-orchampvision/mielev/biolingual/ARM1_20220505_153000.wav
6.2552805,4.0148005,1,1,/silenus/PROJECTS/pr-orchampvision/mielev/biolingual/ARM1_20220505_153000.wav
6.2654867,3.9858499,1,1,/silenus/PROJECTS/pr-orchampvision/mielev/biolingual/ARM1_20220505_153000.wav
6.3000264,3.98329,0,1,/silenus/PROJECTS/pr-orchampvision/mielev/biolingual/ARM1_20220505_153000.wav
6.2374096,4.004165,0,1,/silenus/PROJECTS/pr-orchampvision/mielev/biolingual/ARM1_20220505_153000.wav
10.496992,5.0690904,1,1,/silenus/PROJECTS/pr-orchampvision/mielev/biolingual/ARM1_20220505_080000.wav
10.570362,4.9461617,1,1,/silenus/PROJECTS/pr-orchampvision/mielev/biolingual/ARM1_20220505_080000.wav
10.59984,4.946086,1,1,/silenus/PROJECTS/pr-orchampvision/mielev/biolingual/ARM1_20220505_080000.wav
10.591944,5.0012393,0,1,/silenus/PROJECTS/pr-orchampvision/mielev/biolingual/ARM1_20220505_080000.wav
10.594872,4.99017,1,1,/silenus/PROJECTS/pr-orchampvision/mielev/biolingual/ARM1_20220505_080000.wav
10.534638,5.059912,0,1,/silenus/PROJECTS/pr-orchampvision/mielev/biolingual/ARM1_20220505_080000.wav
8.828869,6.4687614,1,1,/silenus/PROJECTS/pr-orchampvision/mielev/biolingual/ARM1_20220505_061500.wav
8.808875,6.5101595,1,1,/silenus/PROJECTS/pr-orchampvision/mielev/biolingual/ARM1_20220505_061500.wav
9.870789,6.001081,1,1,/silenus/PROJECTS/pr-orchampvision/mielev/biolingual/ARM1_20220505_061500.wav
9.76255,5.4141793,0,1,/silenus/PROJECTS/pr-orchampvision/mielev/biolingual/ARM1_20220505_061500.wav
9.9171,6.0294414,1,1,/silenus/PROJECTS/pr-orchampvision/mielev/biolingual/ARM1_20220505_061500.wav
9.816211,5.5898333,0,1,/silenus/PROJECTS/pr-orchampvision/mielev/biolingual/ARM1_20220505_061500.wav
6.421484,4.109421,0,1,/silenus/PROJECTS/pr-orchampvision/mielev/biolingual/ARM1_20220505_151500.wav
7.9322014,2.8222942,0,1,/silenus/PROJECTS/pr-orchampvision/mielev/biolingual/ARM1_20220505_151500.wav
6.6008725,3.9725673,0,1,/silenus/PROJECTS/pr-orchampvision/mielev/biolingual/ARM1_20220505_151500.wav
6.4423394,4.0504355,0,1,/silenus/PROJECTS/pr-orchampvision/mielev/biolingual/ARM1_20220505_151500.wav
6.4505644,4.0434732,0,1,/silenus/PROJECTS/pr-orchampvision/mielev/biolingual/ARM1_20220505_151500.wav
6.319953,4.058483,1,1,/silenus/PROJECTS/pr-orchampvision/mielev/biolingual/ARM1_20220505_151500.wav
8.0513,2.389761,0,0,/silenus/PROJECTS/pr-orchampvision/mielev/biolingual/ARM1_20220505_013000.wav
8.0423,2.402433,0,0,/silenus/PROJECTS/pr-orchampvision/mielev/biolingual/ARM1_20220505_013000.wav
7.9716864,2.460064,0,0,/silenus/PROJECTS/pr-orchampvision/mielev/biolingual/ARM1_20220505_013000.wav
8.057534,2.4408896,0,0,/silenus/PROJECTS/pr-orchampvision/mielev/biolingual/ARM1_20220505_013000.wav
8.010097,2.4332035,0,0,/silenus/PROJECTS/pr-orchampvision/mielev/biolingual/ARM1_20220505_013000.wav
7.974863,2.4503362,0,0,/silenus/PROJECTS/pr-orchampvision/mielev/biolingual/ARM1_20220505_013000.wav
10.631594,3.7041647,0,1,/silenus/PROJECTS/pr-orchampvision/mielev/biolingual/ARM1_20220504_184500.wav
10.684181,3.7211554,0,1,/silenus/PROJECTS/pr-orchampvision/mielev/biolingual/ARM1_20220504_184500.wav
10.632614,3.6072965,0,1,/silenus/PROJECTS/pr-orchampvision/mielev/biolingual/ARM1_20220504_184500.wav
10.643913,3.6684275,0,1,/silenus/PROJECTS/pr-orchampvision/mielev/biolingual/ARM1_20220504_184500.wav
10.609079,3.7541473,0,1,/silenus/PROJECTS/pr-orchampvision/mielev/biolingual/ARM1_20220504_184500.wav
10.616417,3.7273536,0,1,/silenus/PROJECTS/pr-orchampvision/mielev/biolingual/ARM1_20220504_184500.wav
